title,artist,album,language,genre,music_type,movie,composer,mood,energy,tempo
Kesariya,Arijit Singh,Brahmastra,Hindi,Melody,Song,Brahmastra,Pritam,Romantic,Medium,Slow
Tum Hi Ho,Arijit Singh,Aashiqui 2,Hindi,Melody,Song,Aashiqui 2,Mithoon,Sad,Low,Slow
Raabta,Arijit Singh,Agent Vinod,Hindi,Melody,Song,Agent Vinod,Pritam,Romantic,Medium,Medium
Channa Mereya,Arijit Singh,Ae Dil Hai Mushkil,Hindi,Melody,Song,Ae Dil Hai Mushkil,Pritam,Sad,Low,Slow
Ilahi,Arijit Singh,Yeh Jawaani Hai Deewani,Hindi,Travel,Song,Yeh Jawaani Hai Deewani,Pritam,Happy,High,Fast
Kabira,Tochi Raina,Yeh Jawaani Hai Deewani,Hindi,Travel,Song,Yeh Jawaani Hai Deewani,Pritam,Calm,Medium,Medium
Zara Zara,Bombay Jayashri,RHTDM,Hindi,Melody,Song,Rehnaa Hai Terre Dil Mein,Harris Jayaraj,Romantic,Low,Slow
Malang,Siddharth Basrur,Malang,Hindi,Party,Song,Malang,Ved Sharma,Party,High,Fast
Kun Faya Kun,A.R. Rahman,Rockstar,Hindi,Devotional,Song,Rockstar,A.R. Rahman,Calm,Low,Slow
Barish,Ash King,Half Girlfriend,Hindi,Melody,Song,Half Girlfriend,Tanishk Bagchi,Romantic,Low,Slow
Kal Ho Naa Ho,Sonu Nigam,Kal Ho Naa Ho,Hindi,Melody,Song,Kal Ho Naa Ho,Shankar-Ehsaan-Loy,Sad,Low,Slow
